<?xml version="1.0" encoding="UTF-8"?>
<project-private xmlns="http://www.netbeans.org/ns/project-private/1">
    <editor-bookmarks xmlns="http://www.netbeans.org/ns/editor-bookmarks/2" lastBookmarkId="0"/>
    <open-files xmlns="http://www.netbeans.org/ns/projectui-open-files/2">
        <group>
            <file>file:/C:/Users/Desktop/Desktop/2025-1/Progra%203/frutillaCRUD/src/com/frutilla/inventario/dao/ProductoDAO.java</file>
            <file>file:/C:/Users/Desktop/Desktop/2025-1/Progra%203/frutillaCRUD/src/com/frutilla/inventario/dao/BebidaDAO.java</file>
            <file>file:/C:/Users/Desktop/Desktop/2025-1/Progra%203/frutillaCRUD/src/com/frutilla/inventario/mysql/BebidaMySQL.java</file>
            <file>file:/C:/Users/Desktop/Desktop/2025-1/Progra%203/frutillaCRUD/src/com/frutilla/inventario/dao/FrutaDAO.java</file>
            <file>file:/C:/Users/Desktop/Desktop/2025-1/Progra%203/frutillaCRUD/src/com/frutilla/inventario/mysql/SnackMySQL.java</file>
            <file>file:/C:/Users/Desktop/Desktop/2025-1/Progra%203/frutillaCRUD/src/com/frutilla/inventario/mysql/ProductoMySQL.java</file>
            <file>file:/C:/Users/Desktop/Desktop/2025-1/Progra%203/frutillaCRUD/src/com/frutilla/inventario/mysql/FrutaMySQL.java</file>
            <file>file:/C:/Users/Desktop/Desktop/2025-1/Progra%203/frutillaCRUD/src/com/frutilla/inventario/dao/SnackDAO.java</file>
        </group>
    </open-files>
</project-private>
