<?xml version="1.0" encoding="UTF-8"?>
<project-private xmlns="http://www.netbeans.org/ns/project-private/1">
    <editor-bookmarks xmlns="http://www.netbeans.org/ns/editor-bookmarks/2" lastBookmarkId="0"/>
    <open-files xmlns="http://www.netbeans.org/ns/projectui-open-files/2">
        <group>
            <file>file:/C:/Users/Regina%20Sanchez/OneDrive/Documentos/GitHub/Progra3_Frutillas/Proyecto/CRUD/InventarioController/InventarioController/src/com/frutilla/Inventario/dao/FrutaDAO.java</file>
            <file>file:/C:/Users/Regina%20Sanchez/OneDrive/Documentos/GitHub/Progra3_Frutillas/Proyecto/CRUD/InventarioController/InventarioController/src/com/frutilla/Inventario/mysql/FrutaMySQL.java</file>
            <file>file:/C:/Users/Regina%20Sanchez/OneDrive/Documentos/GitHub/Progra3_Frutillas/Proyecto/CRUD/InventarioController/InventarioController/src/com/frutilla/Inventario/dao/BebidaDAO.java</file>
            <file>file:/C:/Users/Regina%20Sanchez/OneDrive/Documentos/GitHub/Progra3_Frutillas/Proyecto/CRUD/InventarioController/InventarioController/src/com/frutilla/Inventario/mysql/SnackMySQL.java</file>
            <file>file:/C:/Users/Regina%20Sanchez/OneDrive/Documentos/GitHub/Progra3_Frutillas/Proyecto/CRUD/InventarioController/InventarioController/src/com/frutilla/Inventario/mysql/ProductoMySQL.java</file>
            <file>file:/C:/Users/Regina%20Sanchez/OneDrive/Documentos/GitHub/Progra3_Frutillas/Proyecto/CRUD/InventarioController/InventarioController/src/com/frutilla/Inventario/dao/ProductoDAO.java</file>
            <file>file:/C:/Users/Regina%20Sanchez/OneDrive/Documentos/GitHub/Progra3_Frutillas/Proyecto/CRUD/InventarioController/InventarioController/src/com/frutilla/Inventario/mysql/BebidaMySQL.java</file>
            <file>file:/C:/Users/Regina%20Sanchez/OneDrive/Documentos/GitHub/Progra3_Frutillas/Proyecto/CRUD/InventarioController/InventarioController/src/com/frutilla/Inventario/dao/SnackDAO.java</file>
        </group>
    </open-files>
</project-private>
